{"cameraMode":{"drawMode":0,"name":"Shaded","section":"Shading Mode"},"sceneLighting":false,"audioPlay":false,"sceneViewState":{"showFog":true,"showMaterialUpdate":false,"showSkybox":false,"showFlares":true,"showImageEffects":true,"showParticleSystems":true},"in2DMode":false,"pivot":{"x":-62.7467155456543,"y":-536.1515502929688,"z":3643.8603515625},"rotation":{"x":0.07941591739654541,"y":0.0032859016209840776,"z":-0.00026178540429100394,"w":0.9968366026878357},"size":3910.994384765625,"orthographic":false}